ugo_symbol	pathway	coefficient
ABCC4	Androgen	9.37428478112
ACPP	Androgen	-3.0147280984500004
ACSL3	Androgen	8.25821358567
ADAM7	Androgen	3.1117453068700005
ADPRM	Androgen	4.13348871896
AFF3	Androgen	2.48009244085
ARHGEF26	Androgen	5.31107976025
AZGP1	Androgen	5.818350096950001
BMPR1B	Androgen	4.63408450531
C1orf116	Androgen	11.3868523945
CAMKK2	Androgen	3.7395440312300003
CBLL1	Androgen	5.32543758834
CDK8	Androgen	-4.29086828336
CENPN	Androgen	8.49101673326
CHRNA2	Androgen	3.3317016194
CLDN8	Androgen	7.826163128330001
CROT	Androgen	4.35830672292
CSGALNACT1	Androgen	6.846034432940001
CTBP1	Androgen	-2.8921718822900004
CTNNA2	Androgen	3.86912654352
DHCR24	Androgen	6.843008402940001
DNASE2B	Androgen	3.01132858824
DNM1L	Androgen	4.18867959332
EAF2	Androgen	6.94490738852
ECI2	Androgen	4.26810222296
ELK4	Androgen	2.7331718333599997
ELL2	Androgen	6.5675774538
ENDOD1	Androgen	6.51615227021
F5	Androgen	6.087825897
FAM105A	Androgen	7.7082177175
FRK	Androgen	4.700248935219999
FUT8	Androgen	-4.40595359044
FZD5	Androgen	4.68661955181
GCG	Androgen	-2.1713359268900003
GNMT	Androgen	5.67263863695
GPR63	Androgen	-3.2275930988200003
GRHL2	Androgen	4.295724863969999
GRIK1	Androgen	-1.6465134551700003
HOXC13	Androgen	-3.6342558048900004
IGF1	Androgen	2.68011765402
IGF1R	Androgen	5.01152202997
IQGAP2	Androgen	5.12448342846
KCNMA1	Androgen	3.5424199060800006
KCNN2	Androgen	9.4731988889
KLF15	Androgen	2.83253408437
KLK2	Androgen	10.176185878
KLK3	Androgen	14.6068407674
LIFR	Androgen	8.6125146918
LPAR3	Androgen	5.84827847574
LRIG1	Androgen	6.62607205612
LRRC31	Androgen	-5.18102258915
LRRFIP2	Androgen	4.14418717192
MAF	Androgen	5.86387138398
MAK	Androgen	5.31367285271
MALT1	Androgen	6.6697820941499995
MANEA	Androgen	-4.004146370369999
MBOAT2	Androgen	10.472732972100001
MCCC2	Androgen	2.80800480204
MPC2	Androgen	5.88831328709
MPHOSPH9	Androgen	5.10619862739
MRPS18A	Androgen	3.92493588807
MTMR9	Androgen	6.13064559946
MYBPC1	Androgen	4.60857869284
MYNN	Androgen	-2.9188043720200003
NCAPD3	Androgen	8.44090141153
NKX3-1	Androgen	10.6225511027
NPPC	Androgen	4.04611571241
NSMAF	Androgen	3.2845445179299997
OPRK1	Androgen	-5.626073536340001
PAK1IP1	Androgen	7.691931563400001
PDE9A	Androgen	2.90020939568
PEX10	Androgen	5.7494602618199995
PGC	Androgen	4.7496332151
PHF8	Androgen	1.86964493558
PMEPA1	Androgen	10.998912223900001
PPP2CB	Androgen	2.35261800325
PSMD8	Androgen	3.65732836091
RAB3B	Androgen	4.393099579649999
SCAP	Androgen	2.9292108904400003
SEC14L2	Androgen	4.38852738911
SELENOP	Androgen	6.33678058131
SGK1	Androgen	12.816841813800002
SI	Androgen	-5.79500307445
SLC15A2	Androgen	5.13992665138
SLC38A4	Androgen	7.36380493768
SLITRK3	Androgen	-3.3206436133599997
SNAI2	Androgen	19.8215089854
SORD	Androgen	5.777565784430001
SPDEF	Androgen	3.7509512845699997
STEAP4	Androgen	9.194339311110001
STK39	Androgen	6.93412462041
SYTL2	Androgen	-5.38953615735
TLL1	Androgen	-2.46391807731
TMPRSS2	Androgen	11.4906307374
TPD52	Androgen	4.54571137515
TRPM8	Androgen	3.83541868895
TSPAN3	Androgen	-3.04694823602
UAP1	Androgen	7.622359428839999
UBE2J1	Androgen	3.7600210339699998
ZBTB16	Androgen	10.6144369438
ADORA1	EGFR	1.26781000839001
AEN	EGFR	2.98740289742821
AJUBA	EGFR	-3.1932646626203103
ANAPC16	EGFR	-1.8210183580542298
ATG2B	EGFR	-1.64558044699328
ATXN3	EGFR	-1.27427867376912
BBIP1	EGFR	-1.1843189582329199
BSDC1	EGFR	-1.26936896809616
BZW1	EGFR	2.74615194948898
C2CD5	EGFR	-1.93904307015901
CARF	EGFR	-1.60128408140437
CBARP	EGFR	0.979442478621881
CCDC28A	EGFR	-3.1018147713203996
CEPT1	EGFR	-0.994593734124264
CFL1	EGFR	1.32924547866267
CHRNA10	EGFR	0.6899808997699921
CLDN8	EGFR	-2.01870784848733
CRIPT	EGFR	-2.04493786986832
DCAF13	EGFR	1.4342329570502401
DPY19L1P1	EGFR	-1.3473113258506102
DSPP	EGFR	2.35038711269519
DUSP4	EGFR	6.9671796714740895
DUSP5	EGFR	7.94303950699731
DUSP6	EGFR	12.629312588446
DYNC2LI1	EGFR	-1.43023860195831
EAPP	EGFR	-2.2398997303308903
EFHC1	EGFR	-2.0346036601314097
EGR3	EGFR	6.27141550111319
EGR4	EGFR	2.9530763854223196
ELF2	EGFR	-1.34292870001263
EPHA2	EGFR	5.411184102065429
ETFDH	EGFR	-1.6684587549831498
EXD3	EGFR	0.779924513470947
FAM134C	EGFR	-2.12231778440029
FOSL1	EGFR	7.64782979533842
FOXN3	EGFR	-1.6795430125990098
GOLPH3L	EGFR	-2.7415248706061
GPR75	EGFR	1.03703951529263
GRAMD1C	EGFR	-2.79709199268972
HAS3	EGFR	2.92373776511949
HMOX2	EGFR	1.71963797256777
KCNF1	EGFR	1.5758757301367101
KIAA0430	EGFR	-2.2984685174468598
KIAA1522	EGFR	-2.50694146733729
KLHDC2	EGFR	-3.59392965455908
LAMC2	EGFR	3.92011572340227
LARP7	EGFR	-0.91707745578243
LOC101927363	EGFR	1.5104066133828
LOC105375839	EGFR	1.4286168392832899
LOC728061	EGFR	-4.44277600110858
LZTFL1	EGFR	-1.87387692925296
MBTPS1	EGFR	-1.40660137547869
MCCC1	EGFR	-2.17032352979398
MDFI	EGFR	1.1601090725994399
MUT	EGFR	-1.6908695700558898
MYEOV	EGFR	1.72663243437403
MYO1A	EGFR	0.994778119514043
N4BP2L2	EGFR	-1.59401464603044
NBR1	EGFR	-1.9972033641648603
NR1D2	EGFR	-3.0832724486774903
ODC1	EGFR	4.67855082896383
PCMTD2	EGFR	-2.19537544632596
PEX1	EGFR	-1.66166240906158
PHLDA1	EGFR	6.619626128742469
PHLDA2	EGFR	3.50513834140141
PLEK2	EGFR	3.4392569636028703
PNISR	EGFR	-1.5953880431843799
PNP	EGFR	4.643619941645969
POT1	EGFR	-1.83330085840256
PTHLH	EGFR	3.6139766530131
PWP2	EGFR	1.17248838378621
RAB33B	EGFR	-1.78364281596369
RABGAP1	EGFR	-1.26940025889934
RBM48	EGFR	-1.05377423830237
RCOR3	EGFR	-1.67077239348084
RNF146	EGFR	-2.17082116400212
SENP7	EGFR	-2.1103437828969898
SH2D5	EGFR	2.4321329761194703
SLC45A3	EGFR	1.9024389018056003
SPATA2L	EGFR	1.75649766839173
SPOCD1	EGFR	4.29568940121941
SYF2	EGFR	-1.40763575246807
TMEM59	EGFR	-1.8640664265804
TRH	EGFR	0.771964661380765
TRIB1	EGFR	3.91779438327681
TRIM52	EGFR	-2.01216033190721
TTC33	EGFR	-1.38440898157233
TUBB4B	EGFR	4.08451020763625
TUBB7P	EGFR	0.996879170231453
VAV3	EGFR	-3.38648503621611
VPS9D1-AS1	EGFR	1.60174700928882
WDR19	EGFR	-1.49378942406405
XRCC3	EGFR	1.48795707507058
ZBED8	EGFR	-3.1168487742826496
ZNF224	EGFR	-1.3973098554739198
ZNF350	EGFR	-1.2635000674740402
ZNF451	EGFR	-1.0560068807443599
ZNF571	EGFR	-1.903966941986
ZNF75D	EGFR	-1.3158194734458701
ZSCAN31	EGFR	-3.1000917088831605
ABCC5	Estrogen	-4.8549878295
ADCY9	Estrogen	3.2478819979000004
ADORA1	Estrogen	5.02379225883
ARL3	Estrogen	3.95094805128
ARMCX6	Estrogen	3.3639024049
ASB13	Estrogen	6.99394259362
ATP2A3	Estrogen	-2.8820258378099997
C5AR2	Estrogen	4.7330543263
CA12	Estrogen	8.41357762757
CAB39L	Estrogen	-4.12631179667
CALCR	Estrogen	5.39627356601
CAP2	Estrogen	5.01154709433
CASP9	Estrogen	-2.4353883018799998
CELSR2	Estrogen	8.66914415272
CLDN4	Estrogen	-3.8282171191900005
CLDN9	Estrogen	-2.08481449153
COMT	Estrogen	-3.0546857518700006
CTNND2	Estrogen	-3.55466409986
CTR9	Estrogen	4.82318209378
CXCL12	Estrogen	12.4776735289
DDX10	Estrogen	4.62695785919
DEPTOR	Estrogen	7.463778466339999
DSCAM	Estrogen	4.14288012519
EGR3	Estrogen	16.0776973153
ELF5	Estrogen	-3.2164443331299997
ELOVL2	Estrogen	8.690576246080001
EPB41L5	Estrogen	-3.43451140317
EPS15L1	Estrogen	3.1416443691900002
ERBB3	Estrogen	-4.880740447230001
ESR1	Estrogen	-1.3044524461799998
FAM102A	Estrogen	5.76083870514
FAM208B	Estrogen	4.93576703606
FGFR1OP	Estrogen	2.46840962977
FKBP4	Estrogen	8.25832988113
FRK	Estrogen	4.90037712333
GATA3	Estrogen	-6.00468746718
GLA	Estrogen	8.44185876447
GREB1	Estrogen	17.2401728397
HDAC7	Estrogen	-2.03748800346
HEY2	Estrogen	11.4823694969
IGFBP4	Estrogen	11.6514913965
IL17RB	Estrogen	11.4189859122
IL1R1	Estrogen	-6.866249610060001
KCNJ3	Estrogen	-2.98207081773
KCNK5	Estrogen	4.65682787894
KIAA0513	Estrogen	-3.62315496931
MED13L	Estrogen	3.83741058189
MISP	Estrogen	-4.33416825574
MPPED2	Estrogen	3.9150217354900003
MSMB	Estrogen	4.54908081939
MYB	Estrogen	9.427780565800001
MYH14	Estrogen	-2.13654612134
MYO1B	Estrogen	-5.474188820499999
NKAIN1	Estrogen	4.73154567799
NPY1R	Estrogen	10.6645059299
NR5A2	Estrogen	5.15006194006
NRIP1	Estrogen	10.0200104925
OLFM1	Estrogen	3.75243310871
PCP4	Estrogen	6.36520077341
PGR	Estrogen	8.52814244888
PIK3R3	Estrogen	-5.49749606658
PLAC1	Estrogen	5.06711601484
PLPP2	Estrogen	-4.47476054597
PPIF	Estrogen	10.130802152000001
PRSS23	Estrogen	8.75522282336
RAB27B	Estrogen	-5.88914566171
RAB9A	Estrogen	-6.00777315701
RAPGEFL1	Estrogen	10.544895916
RARA	Estrogen	3.02158025348
RBBP8	Estrogen	6.83400284824
RCL1	Estrogen	4.21924727177
RET	Estrogen	10.7180267789
RHBDF1	Estrogen	-3.65846843274
RLN2	Estrogen	6.718523240930001
RNF43	Estrogen	-5.4159876778400005
SDK2	Estrogen	1.8770462588499999
SEC14L2	Estrogen	5.23907790111
SGCG	Estrogen	-4.1818132524800005
SH3BP4	Estrogen	-4.87774227508
SIAH2	Estrogen	9.43676093773
SIDT1	Estrogen	-4.23204663804
SLC22A5	Estrogen	7.73829566495
SLC25A24	Estrogen	3.66548160476
SLC7A5	Estrogen	11.2240689529
SLC9A1	Estrogen	-2.5944265731900003
SNX24	Estrogen	6.899355717460001
STC2	Estrogen	10.286051713400001
TACC1	Estrogen	-3.37486737164
TFF1	Estrogen	14.430254729300001
TGFB3	Estrogen	-5.3302678951699995
TIAM1	Estrogen	4.47348368321
TLE1	Estrogen	-4.10217257102
TMEM135	Estrogen	-3.50320154881
TPD52L1	Estrogen	10.085513349
UPK2	Estrogen	-3.3869222500200005
WFS1	Estrogen	4.21639521035
WWC1	Estrogen	5.587438013709999
XBP1	Estrogen	5.71530844515
ZDHHC7	Estrogen	-4.83093256313
ZNF552	Estrogen	2.88661715189
ADM	Hypoxia	17.8256961411318
AK4	Hypoxia	9.69302350067685
ALDOA	Hypoxia	7.65467808088126
ALDOC	Hypoxia	13.161523644516699
ANGPTL4	Hypoxia	12.640690645582302
ANKRD37	Hypoxia	8.484976151995209
ANKZF1	Hypoxia	7.358162865582041
BCKDK	Hypoxia	2.64503879194614
BHLHE40	Hypoxia	15.242359597309502
BNIP3	Hypoxia	19.417974039561397
BNIP3L	Hypoxia	14.1203023705634
C4orf3	Hypoxia	7.437918887870259
C4orf47	Hypoxia	6.0533009220977805
C8orf58	Hypoxia	3.10787143470826
CA9	Hypoxia	13.9610678389863
CCNG2	Hypoxia	7.32584066928285
CLK3	Hypoxia	3.56401376708094
CRKL	Hypoxia	2.5547342134067597
DARS	Hypoxia	3.6708158441807903
DOLK	Hypoxia	-3.46417167159037
EFNA3	Hypoxia	4.21174008937788
EGLN1	Hypoxia	9.59445002166309
EGLN3	Hypoxia	11.655727921145301
ENO1	Hypoxia	6.103862987397809
ENO2	Hypoxia	14.326939818224199
ERO1A	Hypoxia	9.698198187800118
FAM13A	Hypoxia	5.09417982046476
FAM162A	Hypoxia	8.335551551515561
FBXO42	Hypoxia	2.2572287329470297
FLAD1	Hypoxia	-3.29421662191825
FUT11	Hypoxia	11.1705821641625
GAPDH	Hypoxia	5.04655254386716
GBE1	Hypoxia	9.71149934428704
GPI	Hypoxia	8.54958022018638
GYS1	Hypoxia	4.92286334387743
HILPDA	Hypoxia	16.7071235476463
INSIG2	Hypoxia	13.562193843210402
KDM3A	Hypoxia	10.8507527439767
KDM4B	Hypoxia	3.6502093225821697
KDM4C	Hypoxia	2.2581509616676296
LDHA	Hypoxia	7.65345032180433
LOC154761	Hypoxia	10.1918757998768
LOX	Hypoxia	7.46120781623727
LOXL2	Hypoxia	4.60876786659785
MAPK7	Hypoxia	2.6319045210840697
MIR210HG	Hypoxia	11.491864836574099
MPI	Hypoxia	3.50216530924174
MXI1	Hypoxia	10.860921454642902
NARF	Hypoxia	4.09514912532848
NCKIPSD	Hypoxia	2.3369825023476802
NDRG1	Hypoxia	22.087119493139895
NGLY1	Hypoxia	3.5046086484828995
NOL3	Hypoxia	3.93802953611691
NRN1	Hypoxia	6.72751686128774
P4HA1	Hypoxia	11.067656692699002
P4HA2	Hypoxia	6.28034355716225
PAM	Hypoxia	6.26429638624617
PDK1	Hypoxia	13.120449402558801
PDK3	Hypoxia	4.399750738661219
PFKFB3	Hypoxia	14.5471920773281
PFKFB4	Hypoxia	8.94027083881991
PFKL	Hypoxia	3.5446163885829
PFKP	Hypoxia	9.233200905574462
PGAM1	Hypoxia	6.378265135027701
PGK1	Hypoxia	9.99399139392937
PGM1	Hypoxia	7.88583461642632
PKM	Hypoxia	4.74517971732424
PLOD1	Hypoxia	6.61022484885533
PLOD2	Hypoxia	13.600144008727
POP4	Hypoxia	-2.31441263366752
PPFIA4	Hypoxia	10.837614563420802
PPP2R5B	Hypoxia	3.4825833961794705
PRSS53	Hypoxia	1.97450623238105
QRSL1	Hypoxia	-2.24529780767581
RAB20	Hypoxia	4.25626032523686
RBPJ	Hypoxia	3.85145674582072
RIOK3	Hypoxia	3.73030128423622
RLF	Hypoxia	7.070285475179911
RNF24	Hypoxia	3.85305894212825
RORA	Hypoxia	4.508771760265731
SAP30	Hypoxia	2.90575098757109
SEC61G	Hypoxia	4.74111293382792
SLC25A36	Hypoxia	5.329043990266981
SLC2A1	Hypoxia	8.67915398023849
SPAG4	Hypoxia	10.2130714706145
TMEM45A	Hypoxia	17.8768001565225
TMX2	Hypoxia	-3.69794401757591
VEGFA	Hypoxia	10.612898925768802
VKORC1	Hypoxia	5.41943367385705
VLDLR	Hypoxia	10.2663341424861
WDR45B	Hypoxia	4.50436233227095
WDR54	Hypoxia	5.6955016417851505
WSB1	Hypoxia	7.02422434767253
YEATS2	Hypoxia	5.3531275165068894
ZBTB25	Hypoxia	3.41905880784931
ZMPSTE24	Hypoxia	-4.39234027752698
ZNF160	Hypoxia	2.7139242251059197
ZNF292	Hypoxia	6.0239381118710495
ZNF395	Hypoxia	8.06093404354757
ZNF654	Hypoxia	4.28806196320664
ADAR	JAK-STAT	3.87492896070225
APOBEC3G	JAK-STAT	2.82646310969777
APOL1	JAK-STAT	5.347499122701421
APOL2	JAK-STAT	3.656057664879
APOL3	JAK-STAT	4.8450074017924205
APOL4	JAK-STAT	2.51446567489816
APOL6	JAK-STAT	6.4749208830348595
BATF2	JAK-STAT	8.61349510610271
BST2	JAK-STAT	8.104993585472231
C19orf66	JAK-STAT	5.4781260498580595
CASP4	JAK-STAT	2.42657748025015
CMPK2	JAK-STAT	15.928771442465802
CMTR1	JAK-STAT	2.78086050029633
CNP	JAK-STAT	2.9606567575687794
CXCL11	JAK-STAT	15.0076627193311
CYP2J2	JAK-STAT	2.09357760031004
DDX58	JAK-STAT	12.9653782494159
DDX60	JAK-STAT	12.198233209424698
DDX60L	JAK-STAT	7.202283033122161
DHX58	JAK-STAT	4.9099421347871
DTX3L	JAK-STAT	8.35841869796418
EIF2AK2	JAK-STAT	5.72301632487512
EPSTI1	JAK-STAT	12.081617641624401
ETV7	JAK-STAT	4.779528161895111
GBP1	JAK-STAT	10.3986860770214
GBP4	JAK-STAT	8.0846576698246
HELZ2	JAK-STAT	4.76215188440194
HERC5	JAK-STAT	9.11964240689449
HERC6	JAK-STAT	8.7696758787049
IFI16	JAK-STAT	7.284513462846861
IFI27	JAK-STAT	11.2026545822811
IFI35	JAK-STAT	10.5985356820645
IFI44	JAK-STAT	12.4508625272125
IFI44L	JAK-STAT	18.867155888745398
IFI6	JAK-STAT	12.579694504712801
IFIH1	JAK-STAT	8.347692651751661
IFIT1	JAK-STAT	27.851363088861
IFIT2	JAK-STAT	16.1871460351994
IFIT3	JAK-STAT	20.592306560138898
IFIT5	JAK-STAT	7.948068935223531
IFITM1	JAK-STAT	13.943094211839199
IRF7	JAK-STAT	8.06937432090483
IRF9	JAK-STAT	7.526584188931559
ISG15	JAK-STAT	20.0390335250618
LAMP3	JAK-STAT	9.973230294016131
LAP3	JAK-STAT	7.38495886733531
MX1	JAK-STAT	19.384131266493398
MX2	JAK-STAT	11.818703102625802
MYD88	JAK-STAT	4.30443072295005
NLRC5	JAK-STAT	6.5468452606591905
NMI	JAK-STAT	7.43265458763098
OAS1	JAK-STAT	15.0287145880853
OAS2	JAK-STAT	9.624826433910481
OAS3	JAK-STAT	10.6188418190691
OASL	JAK-STAT	12.710727206366599
OGFR	JAK-STAT	2.04247813750597
PARP12	JAK-STAT	6.944101053238901
PARP14	JAK-STAT	6.397283812786981
PARP9	JAK-STAT	8.7151518590924
PHF11	JAK-STAT	3.86173133641047
PLSCR1	JAK-STAT	8.48160317260622
PLSCR2	JAK-STAT	1.50667120347462
PML	JAK-STAT	3.6085252767278395
PRKD2	JAK-STAT	2.15549487824293
PSMB8	JAK-STAT	5.86968402069555
PSMB8-AS1	JAK-STAT	4.49605503557896
PSMB9	JAK-STAT	8.15851150604537
RNF114	JAK-STAT	2.4915675486216
RNF213	JAK-STAT	4.93751605673014
RSAD2	JAK-STAT	22.898727433412798
RTP4	JAK-STAT	9.451139675812419
SAMD9	JAK-STAT	10.426219160316
SAMD9L	JAK-STAT	10.5628991033041
SAMHD1	JAK-STAT	7.133444858969059
SECTM1	JAK-STAT	5.9932298839984
SLC15A3	JAK-STAT	4.26073918347599
SLC25A28	JAK-STAT	3.93346165414405
SP100	JAK-STAT	4.47650931610002
SP110	JAK-STAT	8.678712721003519
SP140L	JAK-STAT	2.33786325395563
STAT1	JAK-STAT	9.083936566082981
STAT2	JAK-STAT	4.14717606787694
TAP1	JAK-STAT	9.77763834312082
TAP2	JAK-STAT	3.5922603605840804
TDRD7	JAK-STAT	6.56664681954279
TMEM140	JAK-STAT	5.107141044091231
TMEM62	JAK-STAT	2.3069352990793797
TRANK1	JAK-STAT	3.5888746849196402
TRIM14	JAK-STAT	3.0379588513996603
TRIM21	JAK-STAT	6.67418811717532
TRIM22	JAK-STAT	10.5674574971914
TRIM25	JAK-STAT	3.4141309207242103
TRIM38	JAK-STAT	3.4927261463022403
TRIM5	JAK-STAT	3.4234903429741
UBE2L6	JAK-STAT	8.21558512599392
USP18	JAK-STAT	12.1780117527987
XAF1	JAK-STAT	8.780286115021159
ZBP1	JAK-STAT	1.9414515596319601
ZC3HAV1	JAK-STAT	5.133726992521161
ZNFX1	JAK-STAT	6.496398214168281
AEN	MAPK	3.21611826452391
AREG	MAPK	4.9322864163768
ARHGEF17	MAPK	-1.3968910912288401
ASB8	MAPK	-1.69399615351741
BDH2	MAPK	-2.4965908679407502
BRIX1	MAPK	2.86674906007426
BZW1	MAPK	2.78108543054007
C11orf71	MAPK	-2.36675761284733
CBFB	MAPK	2.33999820545757
CCDC53	MAPK	-2.2605473395375095
CCND1	MAPK	6.263011605459959
CDCA4	MAPK	3.01028126156975
DAZAP2	MAPK	-1.40779498255426
DCBLD2	MAPK	3.37151568478737
DNASE2	MAPK	-1.82182041633701
DUSP4	MAPK	7.80481595969638
DUSP5	MAPK	7.92003014258316
DUSP6	MAPK	16.8590158280176
DUSP7	MAPK	2.45250826338135
E2F3	MAPK	2.03434847548691
ECH1	MAPK	-2.2897420836192097
ELK3	MAPK	2.9961403928387997
EPHA2	MAPK	6.31401244666076
ETV1	MAPK	3.5634647887567596
ETV4	MAPK	5.29378397860542
ETV5	MAPK	5.98870960594422
FAM149B1	MAPK	-1.3423423225079798
FERMT1	MAPK	2.33370465546028
FMO5	MAPK	-1.49724165656977
FOSL1	MAPK	9.00052230863295
GABARAP	MAPK	-2.96166378554828
GATAD2A	MAPK	1.3592381882945999
GPR3	MAPK	1.6308292596681597
GRPEL1	MAPK	2.66946875266487
HMGA1	MAPK	2.8687056823089905
HMGA2	MAPK	3.72797107304941
KIAA1522	MAPK	-2.29989865248777
KMT5A	MAPK	1.7409748125000102
KRR1	MAPK	1.4617071935532702
LAMB2	MAPK	-2.3928796374887797
LDLR	MAPK	3.07391098575529
LRP8	MAPK	4.51300427600781
MAN2B2	MAPK	-1.91760613723522
MCCC1	MAPK	-1.92267632737533
MCL1	MAPK	3.01286499570434
MCMBP	MAPK	1.88755073514293
MGST3	MAPK	-1.45283168172918
MIER2	MAPK	0.956640357357573
MPP6	MAPK	2.2426215753709102
NNT	MAPK	-1.81972821544713
NT5E	MAPK	5.838881390821941
NUP50	MAPK	1.77471073483581
PBLD	MAPK	-1.9776837829648102
PBX1	MAPK	-2.99961326480848
PHC2	MAPK	2.39540102391319
PHLDA1	MAPK	7.04528922892108
PHLDA2	MAPK	3.8582386537955697
PIK3C2B	MAPK	-2.75268657283763
PNP	MAPK	4.91046403239136
POLR3G	MAPK	2.8294839761781003
PRCP	MAPK	-1.27868444112129
PRNP	MAPK	2.59731080726985
PWP2	MAPK	1.3322121992984899
RAB26	MAPK	-3.4389782720449
RAB5B	MAPK	-2.08045064211124
RNF138	MAPK	2.35574220744453
SCPEP1	MAPK	-1.9325651044927998
SDCCAG3	MAPK	1.5641536768461899
SH3BGRL	MAPK	-2.72344650934606
SIDT2	MAPK	-2.75271087544008
SIRT2	MAPK	-1.32328313678571
SLC20A1	MAPK	6.810352967110781
SLC35F2	MAPK	2.85098200227271
SLC4A7	MAPK	2.7094949939569104
SLCO4A1	MAPK	4.08453814362535
SMURF2	MAPK	3.0301617625148602
SPG11	MAPK	-1.33788368473598
SPRED1	MAPK	6.20994824376467
SPRED2	MAPK	3.5018346410222296
SPRY2	MAPK	9.481584748118909
SPRY4	MAPK	10.1144705371691
SRP14	MAPK	-1.5944123429577
STK17A	MAPK	2.9405668773324196
STX1A	MAPK	2.21515121358096
STX8	MAPK	-1.1064064247318102
TCOF1	MAPK	2.21157805492884
TMEM59	MAPK	-2.26427296258465
TMUB2	MAPK	-1.67381617986947
TNFRSF10A	MAPK	5.173044326864639
TNS3	MAPK	-2.7264638130598597
TOP1	MAPK	3.6334088008458703
TRIB1	MAPK	4.1829430716292
TRIM52	MAPK	-2.20119038690844
UBA2	MAPK	2.07987848790322
UBASH3B	MAPK	4.96762401165282
WDR3	MAPK	2.2991152990385295
XRCC3	MAPK	1.5437565622297
YRDC	MAPK	3.62564642925459
ZBTB3	MAPK	-1.5691639732103702
ZSCAN31	MAPK	-3.3278642206561
ANKLE2	NFkB	2.2119763224408997
ANKRD33B	NFkB	4.4942987249249695
B4GALT1	NFkB	2.53619871797362
BCL2A1	NFkB	14.416924573771901
BID	NFkB	4.729823539227451
BIRC2	NFkB	4.01137932948259
BIRC3	NFkB	12.4576121742067
C11orf96	NFkB	4.5662260649030095
CCL2	NFkB	17.565991832535502
CCL20	NFkB	36.697307868259294
CD40	NFkB	3.5202135906865197
CD80	NFkB	3.7956150755271802
CD83	NFkB	10.451370868343199
CFB	NFkB	6.313519940046261
CFLAR	NFkB	4.01671158821876
CSF2	NFkB	5.903526277913059
CSF3	NFkB	4.9031843413131
CXCL1	NFkB	23.421858781118804
CXCL11	NFkB	15.834366797407501
CXCL2	NFkB	9.40345995753717
CXCL3	NFkB	22.9461142188508
CXCL5	NFkB	7.17964791657825
CXCL6	NFkB	8.72540142737151
CXCL8	NFkB	38.517928689387205
CYLD	NFkB	2.77331423375652
DRAM1	NFkB	9.547700357155101
EBI3	NFkB	7.546185210064629
EFNA1	NFkB	11.4332953920164
EHD1	NFkB	5.871607384295929
ELOVL7	NFkB	8.79211575344344
GCH1	NFkB	14.0260436644797
HIVEP1	NFkB	3.9997148800250204
HIVEP2	NFkB	3.95142664410617
ICAM1	NFkB	18.369385264106104
IFIH1	NFkB	6.04203644390954
IFNAR2	NFkB	4.68331898329886
IFNGR2	NFkB	6.02200972475387
IKBKE	NFkB	3.3411268875817
IL15	NFkB	5.14656809221536
IL1A	NFkB	8.11129097221699
IL1B	NFkB	21.6559293107342
IL1RN	NFkB	5.15157965968566
IL23A	NFkB	2.07290492359488
IL32	NFkB	10.4523164162521
IL36G	NFkB	9.82640555786125
IL6	NFkB	21.770635436392002
IL7R	NFkB	8.813312335270892
INHBA	NFkB	12.4675936569889
IRAK2	NFkB	5.343391612685389
IRF1	NFkB	12.698009124870902
KMO	NFkB	3.97423506454669
KYNU	NFkB	6.404463605575111
LTB	NFkB	3.18756879176983
MAP3K8	NFkB	7.399205364744481
MARCKS	NFkB	4.76137308887682
MSC	NFkB	6.3592065530327595
NECAP2	NFkB	2.4427935008954003
NFKB1	NFkB	9.513636220891868
NFKB2	NFkB	5.51557538189721
NFKBIA	NFkB	11.4445337143917
NFKBIB	NFkB	2.06559587812168
NFKBIE	NFkB	8.211832847967159
NFKBIZ	NFkB	15.123815836823
NINJ1	NFkB	8.01225057853366
NKX3-1	NFkB	2.3729832993096203
OLR1	NFkB	7.84201028638495
PPP4R4	NFkB	2.42747157463571
PRDM1	NFkB	4.41653234664008
PTX3	NFkB	21.247895638880898
REL	NFkB	4.70997255673979
RELB	NFkB	7.77922197337011
RIPK2	NFkB	5.979752130983631
RNF19B	NFkB	6.70700433729029
SDC4	NFkB	8.153400364564941
SGPP2	NFkB	7.416978193844611
SLC11A2	NFkB	2.68664803875845
SLC2A6	NFkB	9.729988098735749
SLC41A2	NFkB	4.915006504014059
SOCS3	NFkB	4.51191455862297
SOD2	NFkB	11.1561501653772
STAT5A	NFkB	3.9865610031974703
STX11	NFkB	4.52523244924286
TICAM1	NFkB	3.49208467391813
TIFA	NFkB	5.144112446248241
TLR2	NFkB	5.414219976041559
TMEM217	NFkB	3.35381325962838
TNF	NFkB	18.639262059640398
TNFAIP2	NFkB	10.910807391853302
TNFAIP3	NFkB	28.3737523134651
TNFAIP6	NFkB	19.182263460877
TNFAIP8	NFkB	4.93682380456133
TNFRSF9	NFkB	5.996059048130459
TNFSF15	NFkB	6.24584727544688
TNIP1	NFkB	6.13472667662198
TNIP2	NFkB	3.3107273514982904
TNIP3	NFkB	8.25934093825706
TRAF1	NFkB	10.335576602944501
TRIP10	NFkB	4.16756174882639
UBE2Z	NFkB	2.15293276565257
WTAP	NFkB	3.7666344028884797
ABCA12	p53	9.59718211876955
ACER2	p53	11.5960643896458
AK1	p53	4.352992415044509
AKR1B10	p53	10.3220773400368
ANKRA2	p53	10.8896309741869
ANKRD20A12P	p53	3.6917744097009804
ARHGAP11A	p53	-7.976226363284921
BLOC1S2	p53	7.41262326071374
C17orf82	p53	3.2782830579474598
C2orf66	p53	11.5031743252221
CABYR	p53	6.125471912191969
CARNS1	p53	4.53873384469128
CCDC90B	p53	3.3881094626363795
CDIP1	p53	5.049443582282441
CDKN1A	p53	15.9569703107547
CEL	p53	4.04953467226343
CES2	p53	7.28038484156682
CLCA2	p53	10.5192559356231
CMBL	p53	5.05085572920282
CSMD3	p53	4.81260146300689
CSTA	p53	9.006077703707732
CYFIP2	p53	7.06090455961486
CYP4F2	p53	4.139434854074779
CYSRT1	p53	5.07643075873178
DDB2	p53	8.185583260145169
DGKA	p53	5.3815056342531005
DQX1	p53	4.38711610593762
DRAXIN	p53	6.01440524485263
EDA2R	p53	3.17913230269643
EFNB1	p53	2.86567899119345
EI24	p53	4.09203042424567
FAM13C	p53	4.31497453386035
FAS	p53	12.0306013823747
FBXO22	p53	3.6925260016270203
FBXW7	p53	4.28328558233132
FDXR	p53	11.9944959216904
GDF15	p53	9.773981683840189
GLS2	p53	6.4524648846762895
GPR87	p53	10.8361217599775
GRHL3	p53	8.21231017387999
GRIN2C	p53	1.83935980581783
GRIP2	p53	2.52761146451273
HSD3BP4	p53	6.31871921398672
INPP1	p53	7.48807583582186
ISCU	p53	5.51234995398229
KANK3	p53	2.9054397971751897
KLHDC7A	p53	4.56627460909572
LCE1B	p53	11.8137365968873
LCE1C	p53	30.2207472764061
LOC400710	p53	4.24514903708877
LOC727916	p53	13.9523578883584
MDM2	p53	8.1934882691823
MIR34A	p53	11.190593146104698
MUC19	p53	7.0401102333555
NADSYN1	p53	3.8369125803322404
NBEAP1	p53	6.712308533482901
NECTIN4	p53	9.30887621816103
NRF1	p53	-2.3510351484879703
PADI4	p53	4.10773014766389
PDE6C	p53	3.0141354028269602
PGAP1	p53	5.574287106918349
PGF	p53	4.454846512360691
PHLDA3	p53	6.79043734303921
PIDD1	p53	5.96064072378319
PLTP	p53	6.88503288508829
POLH	p53	5.17601264330087
PPM1D	p53	6.249520581062231
PRKAB1	p53	4.52002945928526
RETSAT	p53	7.13672798613649
RGAG4	p53	4.58551453484021
RINL	p53	4.5146896866264505
RPS27L	p53	6.2511645278806505
RRM2B	p53	10.632927679406698
SCN3B	p53	4.859001751461361
SERPINB5	p53	4.79640560962552
SESN1	p53	12.5292288974635
SLC44A5	p53	5.04342092041207
SLC52A1	p53	4.15558984583101
SMIM10L2A	p53	6.372565195229571
SPATA18	p53	7.848997964782879
SRGAP3	p53	2.5185476046162703
STAG1	p53	-3.86511334869035
STX6	p53	3.4657999963066204
TEX37	p53	3.0384825775068505
TIGAR	p53	10.1514954141103
TMEM27	p53	6.82934107641466
TMEM63B	p53	4.8073522266558095
TNFRSF10B	p53	6.009459388470289
TP53I3	p53	18.2611473292383
TP53INP1	p53	8.65838226312228
TRIAP1	p53	6.42278898218996
UNC5B-AS1	p53	9.431768961694731
WDR63	p53	13.0984058801245
XPC	p53	6.58702600859331
ZMAT3	p53	7.95669826461469
ZNF337	p53	3.3017630301456897
ZNF561	p53	10.1232181976834
ZNF79	p53	4.02026334439871
ZNF83	p53	-5.8575187613946
ZSCAN4	p53	3.1834625061636603
ACVR2B-AS1	PI3K	-3.92988626922683
AEBP1	PI3K	-4.09261078767931
AMIGO1	PI3K	-6.0003210127520505
APOC1	PI3K	-5.061310146853559
ARSJ	PI3K	7.06108078187924
ATP6V1G2	PI3K	-7.237346227625131
BAAT	PI3K	-3.55753878109094
BEGAIN	PI3K	-4.19647716673333
C11orf1	PI3K	-3.3342727465854196
C15orf54	PI3K	5.81104798483132
C5orf52	PI3K	12.2398089550562
CA14	PI3K	-4.83804022189004
CAMLG	PI3K	-5.79570374485461
CASC10	PI3K	4.952741484702059
CBX7	PI3K	-6.43722025284963
CCDC25	PI3K	-4.33927130721477
CCDC28A	PI3K	-8.06067844120822
CDK5RAP3	PI3K	-5.25476658764296
CIR1	PI3K	-5.023161182851441
COMMD6	PI3K	-3.46243911328989
COQ8A	PI3K	-6.3882123748855
CREB3L4	PI3K	-9.102651653491382
CREBRF	PI3K	-10.446075274188301
CRYL1	PI3K	-7.333026179077129
CTDSP1	PI3K	-5.56756931753247
CTSF	PI3K	-9.17214273519104
CYTL1	PI3K	-4.86544163639119
DERL3	PI3K	-4.03367942481051
DHRS12	PI3K	-3.40734981909503
DNAL4	PI3K	-4.44586727498809
EPB41L4A-AS1	PI3K	-12.2748613166226
FAXDC2	PI3K	-12.4212738274813
FBXO25	PI3K	-7.0330297344409205
FCGRT	PI3K	-6.170243405839679
FCMR	PI3K	-4.92688011408367
FHIT	PI3K	-4.615166946689441
GAA	PI3K	-5.36778410442264
GEMIN8	PI3K	-4.13317735972695
GLI4	PI3K	-3.0980704897335
GNPTG	PI3K	-6.96660957448126
HSBP1L1	PI3K	-6.8931569144425
HSD17B8	PI3K	-8.60157067564918
ING4	PI3K	-7.70011807552868
INO80C	PI3K	4.10821747861681
INPP5K	PI3K	-4.530098152991321
KANSL1-AS1	PI3K	-6.06995007757225
KRTAP19-1	PI3K	-6.88195169071733
LAMTOR5-AS1	PI3K	-8.031585519352419
LOC100134937	PI3K	-8.910734122364131
LOC100505938	PI3K	-8.285445628429429
LOC100506125	PI3K	-4.88136354453859
LOC100506725	PI3K	-4.60332539784367
LOC100507477	PI3K	-4.882151330850969
LOC101927809	PI3K	-6.9352358491487305
LOC101928424	PI3K	-4.62744501018872
LOC283075	PI3K	-3.96967406041101
LOC283861	PI3K	-12.668269771894801
LRRC23	PI3K	-3.2932531104650895
MCAM	PI3K	5.125082722937099
MFGE8	PI3K	-5.9015304549498495
MLANA	PI3K	-9.985742932001381
MST1	PI3K	-4.9868856356050095
MYL5	PI3K	-5.238296460556691
NENF	PI3K	-2.8622334493689197
NR2E1	PI3K	-2.72151809767483
NT5M	PI3K	-3.91513055341077
OSER1-AS1	PI3K	-7.84913544634117
PAEP	PI3K	-3.80322755378366
PEX11G	PI3K	-4.4546136432490595
PMEL	PI3K	-6.5903482481995
PRR7-AS1	PI3K	6.93632200217518
PSMG3-AS1	PI3K	-8.01327658331417
RGS10	PI3K	-3.88039733945838
RPS29	PI3K	-5.84444086613272
S100A1	PI3K	-3.98892395619226
SLC18A1	PI3K	4.6520925271988
SLC26A4	PI3K	-3.7388398905078595
SLC27A1	PI3K	-8.32992083970463
SLCO4A1-AS1	PI3K	-7.8319405764885905
SMIM19	PI3K	-7.2105590119954694
SPSB3	PI3K	-6.53372855841329
TBC1D15	PI3K	-5.41263103979862
TFDP2	PI3K	-5.67358822724195
THNSL2	PI3K	-4.31834057929394
TMEM42	PI3K	-7.98932674781528
TNNI3	PI3K	-3.67219442156719
TPPP	PI3K	-2.54311816143599
TRIM63	PI3K	-5.52859767409549
TSNARE1	PI3K	-2.43150330127202
TTC12	PI3K	-3.18487304334592
TYR	PI3K	-5.076854089275829
UBALD2	PI3K	-9.985377464977699
VAMP5	PI3K	-4.36107400342695
WBSCR27	PI3K	-4.5498730551595
WDR31	PI3K	-3.94383878232922
WDR78	PI3K	-3.62712257526587
WIPI2	PI3K	-3.1530660599347202
YBX2	PI3K	-4.4198573450747
ZNF554	PI3K	-2.67497823862308
ZSCAN2	PI3K	-3.15874345354772
ABCA6	TGFb	-3.27153689503516
ABCA8	TGFb	-1.7092450798848102
ACOX3	TGFb	2.7215287651514304
ACTC1	TGFb	3.3374297971927
ADAM12	TGFb	3.96830453450054
AK5	TGFb	-3.35713244014104
ATP10A	TGFb	2.7848571465769907
BCOR	TGFb	2.7357464929231803
BGN	TGFb	3.23783999976143
BMPR2	TGFb	4.01550503146815
C3orf80	TGFb	4.809037463388701
CALD1	TGFb	3.05163558943135
CARMN	TGFb	3.0462635347518
CDH2	TGFb	3.28831023806494
CDKN2B	TGFb	3.37372810288728
CHST3	TGFb	2.2218008572948302
CILP	TGFb	4.65100396366156
CLDN11	TGFb	-3.69028339577921
CNN1	TGFb	4.95347124865968
COL1A1	TGFb	3.56608104235526
COL4A1	TGFb	6.3374895748324205
COL4A2	TGFb	4.22126367783392
COL5A1	TGFb	5.22105124556953
COMP	TGFb	9.899249960355169
CRLF1	TGFb	4.8252931118197395
DACT1	TGFb	6.22087968552156
DGKI	TGFb	2.24114361320707
EFR3B	TGFb	1.33434990216543
FBLN5	TGFb	4.92248525622834
FSTL3	TGFb	6.80735910341726
GALNT10	TGFb	3.04707707267676
GDF5	TGFb	-1.93955948584584
GOPC	TGFb	2.85451760841286
GRIA3	TGFb	1.08681263152832
HSD17B6	TGFb	4.78252728727728
ID1	TGFb	12.3542876610615
ID3	TGFb	10.481113198179
ID4	TGFb	4.16990135012905
IL11	TGFb	6.3308961562903
ISLR2	TGFb	2.46806008759771
ITGA11	TGFb	3.39269756527187
KIRREL3	TGFb	2.54238555956343
LECT2	TGFb	2.9089513707402794
LIMS2	TGFb	2.27494674124209
LINC00312	TGFb	4.428987093533769
LMCD1	TGFb	5.67528152626637
LOC100130417	TGFb	4.132273969943371
LOC101928076	TGFb	5.7124712511431905
LRRC15	TGFb	2.3045951544477203
LRRC32	TGFb	5.293595631394941
LRRN4CL	TGFb	-3.78451512652799
LTBP2	TGFb	4.37279393479639
MEX3B	TGFb	3.97829237025429
MFAP4	TGFb	5.813038501128241
MIR181B2	TGFb	3.29414964288432
MRAS	TGFb	5.2019665810873
MSR1	TGFb	-1.7648382018898001
MURC	TGFb	4.5973433386721
MYOZ1	TGFb	4.962474849517781
NEDD9	TGFb	4.36119281029233
NINJ2	TGFb	3.87562659588594
NOX1	TGFb	-1.04576337491561
NOX4	TGFb	5.9138131516494905
NUAK1	TGFb	6.09542992244163
OLFM2	TGFb	2.0653759894085
OPCML	TGFb	4.46795088308433
P2RX1	TGFb	2.75813829247677
PAWR	TGFb	2.55343428547832
PKNOX2	TGFb	2.04849173989876
PLCB4	TGFb	3.9338902853869104
PLN	TGFb	2.74832322185897
PMEPA1	TGFb	8.09614088082701
PODNL1	TGFb	2.1489096837018202
RASD2	TGFb	3.38455715222115
RASL11B	TGFb	2.7230098703500802
RFLNB	TGFb	7.30913012834185
RUSC2	TGFb	2.35317956566165
RXFP1	TGFb	-2.27771792982856
SAMD11	TGFb	4.98308470437278
SEMA7A	TGFb	3.89477204453867
SGPL1	TGFb	2.58392327301512
SH3PXD2A	TGFb	3.87979180893438
SKIL	TGFb	4.27418121936063
SLCO2A1	TGFb	4.86978843343729
SMAD6	TGFb	2.79826538625144
SMAD7	TGFb	7.631143374533679
SMURF1	TGFb	1.53815323269343
SNAI1	TGFb	3.5681739305015405
SPECC1	TGFb	2.57411375293421
SPHK1	TGFb	6.0901115386287
SYNDIG1	TGFb	1.83640385967736
SYT15	TGFb	3.85774315387963
TNFSF4	TGFb	5.5038930352369295
TPM1	TGFb	4.595360809462759
TSPAN2	TGFb	5.502326115825911
TUFT1	TGFb	6.010991297185909
UNC5B	TGFb	3.8338195218086297
XRCC4	TGFb	3.3772318622335
XYLT1	TGFb	3.19771560300269
YIPF5	TGFb	2.811936356491
AKR1B1	TNFa	6.596693035594111
ANKLE2	TNFa	2.3679316803426
APBA3	TNFa	2.1770857651239197
B4GALT1	TNFa	2.74585326118168
BCL2A1	TNFa	17.2250076051542
BDKRB1	TNFa	4.9223060518212804
BID	TNFa	5.604131762787991
BIRC2	TNFa	4.6716612506693
BIRC3	TNFa	13.582045497557399
BMP2	TNFa	8.582446164835549
C11orf96	TNFa	4.766669050666691
C1QTNF1	TNFa	5.76229135641842
C3	TNFa	9.89843789140028
C8orf4	TNFa	8.47272392100229
CCL2	TNFa	19.8461827604001
CCL20	TNFa	38.387967124359996
CD83	TNFa	11.002664858510599
CFB	TNFa	7.426735426480381
CFLAR	TNFa	3.72654423539729
CLDN1	TNFa	9.089955595164119
CLUHP3	TNFa	1.94728821555566
CSF2	TNFa	8.35548063730208
CSF3	TNFa	6.3431403754269
CTHRC1	TNFa	9.459560282116051
CTSS	TNFa	6.39753883417669
CXCL1	TNFa	20.426545983467
CXCL2	TNFa	8.95475957467154
CXCL3	TNFa	23.7581056721946
CXCL5	TNFa	10.0813679324721
CXCL6	TNFa	10.5176140568733
CXCL8	TNFa	45.4418272162389
CYLD	TNFa	2.8754636538617198
DRAM1	TNFa	10.758252373531699
DTX2	TNFa	2.9313197283249504
EDN1	TNFa	7.585623802775741
EFNA1	TNFa	18.6311093849306
ETS1	TNFa	4.59117093435463
GPR176	TNFa	3.0121862726163595
GSAP	TNFa	4.86816241367859
ICAM1	TNFa	22.0393407198016
IFNAR2	TNFa	7.58070068614032
IFNGR2	TNFa	7.377788871475411
IGFL1	TNFa	8.95156997995298
IKBKE	TNFa	3.7731631812446498
IL15	TNFa	5.50710022230726
IL1RN	TNFa	4.75429798599401
IL32	TNFa	15.9636190889021
IL36G	TNFa	13.425174324449802
IL6	TNFa	19.7035733279822
INHBA	TNFa	15.5631986771982
IRF1	TNFa	15.650726704349502
KRT6B	TNFa	4.416223266815219
LOC100130476	TNFa	6.51065449120575
LTB	TNFa	4.82731163146672
MMP10	TNFa	8.3474278396048
MMP12	TNFa	6.477017108768281
MMP13	TNFa	7.10575903301674
MMP9	TNFa	12.5887577301903
MRGPRX3	TNFa	10.7862105639636
NECAP2	TNFa	2.72740852022079
NFKB1	TNFa	9.348958018199768
NFKB2	TNFa	5.00245014832866
NFKBIA	TNFa	12.567700437723598
NFKBIB	TNFa	2.0871274069430803
NFKBIE	TNFa	10.3562053669893
NINJ1	TNFa	8.56073467679646
NKX3-1	TNFa	2.8716327693324
PDPN	TNFa	2.35425067871459
PLAU	TNFa	11.492884155720901
PPP4R4	TNFa	3.32805460896588
PTX3	TNFa	21.5027341668347
RELB	TNFa	9.26459378466974
RHBDL2	TNFa	3.67783737126775
RHCG	TNFa	3.1016003564153
RIPK2	TNFa	5.572407893721111
RND1	TNFa	4.68488068272288
SDC4	TNFa	8.12277620754622
SERPINA3	TNFa	11.4057993243739
SLC2A6	TNFa	10.2491083436558
SLC41A2	TNFa	5.3579949402617695
SOD2	TNFa	13.6231102743594
SQRDL	TNFa	5.956715168077639
SRGN	TNFa	3.95132838618118
TAPBP	TNFa	3.97974251672057
TICAM1	TNFa	3.4637566632122003
TIFA	TNFa	6.05229277160913
TLR2	TNFa	7.0393577682050195
TMEM217	TNFa	4.0381506796013396
TNFAIP1	TNFa	2.77854938464495
TNFAIP2	TNFa	12.213726703415402
TNFAIP3	TNFa	35.4007175514781
TNIP1	TNFa	6.42959443446254
TNIP2	TNFa	3.39428997789513
TRAF1	TNFa	9.39600119511034
TRIM47	TNFa	5.2443040882771905
TYMP	TNFa	4.018625143360951
UBE2Z	TNFa	2.24879962181531
USP43	TNFa	3.44922455572442
UXS1	TNFa	4.23497082219788
WTAP	TNFa	3.22152819902064
ADAM6	Trail	1.3564413579436299
ADAMTS17	Trail	-1.5773492573586
AGAP6	Trail	-1.85489301733595
ATP5E	Trail	1.4563903905956799
BACH2	Trail	1.939233902246
BHMT	Trail	1.27667238263648
BMS1P5	Trail	-2.10457097116957
BRS3	Trail	0.857473561278004
C10orf128	Trail	2.03895218080619
C17orf99	Trail	2.21300321523207
C7orf77	Trail	-1.43061942551172
CALML6	Trail	1.6775881055019901
CBFA2T3	Trail	2.0847503708249597
CCDC155	Trail	1.69945908127163
CD1A	Trail	1.6916094831884598
CST7	Trail	2.08453480085733
CTD-2297D10.2	Trail	-1.26887201523848
CXorf56	Trail	-1.37939389765807
DDX19A	Trail	-1.4562586132251498
DMRTC2	Trail	-1.48746499327238
DNAJB8	Trail	-1.3663966648633799
ERICH3-AS1	Trail	1.2441759656070401
FLCN	Trail	1.5934394482371799
FRMPD1	Trail	-2.23461424298725
GLIPR1L1	Trail	1.16222417293878
GNL3L	Trail	-2.05913973383355
GPR18	Trail	3.2408048258403097
GRID1-AS1	Trail	1.6301762501321
GVQW2	Trail	-1.6325330408537901
HAR1A	Trail	1.56334717102501
HTR1F	Trail	-1.4367082642563602
HVCN1	Trail	2.1822532622856
IFNLR1	Trail	1.7142473031562702
IGLL3P	Trail	1.20677971325693
KCNA5	Trail	1.48005006589551
KCNAB3	Trail	-0.9517336695348739
KLHL14	Trail	-1.7627600009601998
KRT35	Trail	1.08224727064896
LIM2	Trail	1.1231514357666899
LINC00163	Trail	1.85823166750458
LINC00642	Trail	0.926329558833891
LINC01013	Trail	1.6419750937114799
LINC01095	Trail	1.2526847448027099
LINC01226	Trail	2.00809463813926
LOC100131655	Trail	1.66980462943836
LOC100190986	Trail	-4.0816768868693
LOC100291323	Trail	-3.2310897997953703
LOC101926892	Trail	-1.3807377642579197
LOC101927363	Trail	-1.60543354758001
LOC101927641	Trail	1.28624739379081
LOC101928271	Trail	1.2034407156719298
LOC101928446	Trail	1.36534845666657
LOC101928580	Trail	1.46345968587246
LOC101929609	Trail	-1.71982817672593
LOC102724587	Trail	-3.49218895178408
LOC105375483	Trail	1.47621552954485
LOC105378419	Trail	1.7777723693765
LOC146513	Trail	-1.34629421141411
LOC253573	Trail	-1.1973932001842
LOC285043	Trail	1.25353461108567
LOC285097	Trail	-1.5560107253813502
LOC441454	Trail	-1.46320175819498
LSM12	Trail	-1.9787703156243899
MS4A1	Trail	1.4793700717822298
MYOC	Trail	1.00194709618001
NDST3	Trail	0.9665637982501121
NFAM1	Trail	1.13890912001509
NPW	Trail	-2.20001978697375
NPY	Trail	1.60672627320766
OR5K1	Trail	-1.2612460538902601
PDAP1	Trail	-1.3704966032123203
PP13439	Trail	-1.7483585330523
RAB37	Trail	2.9479279177386304
RAG2	Trail	1.5714490591915
RGSL1	Trail	0.8317474214346859
RHEBL1	Trail	4.128711528789871
RNF175	Trail	2.80090306130311
RRP12	Trail	-1.14056866275777
SCNN1D	Trail	-1.4200458064659198
SLC7A9	Trail	1.21571076891102
SMG1P5	Trail	-4.04878312052879
SPINK2	Trail	1.33316609395514
TAS2R5	Trail	-2.17606807531498
TAS2R9	Trail	1.11704778475682
TEC	Trail	2.0513216388446702
TESPA1	Trail	0.9666588741374409
TLDC2	Trail	1.74716445606875
TLR10	Trail	-1.5185782639337098
TMEM259	Trail	-1.4901164662989899
TMEM74	Trail	1.23206479186322
TRIM72	Trail	1.58663855500031
UAP1L1	Trail	2.79737235571998
VHL	Trail	-1.19230810700464
WDR97	Trail	-1.3506488351485901
WFDC10A	Trail	1.59819595907836
WNT8A	Trail	-1.84696160993909
WT1-AS	Trail	2.22510536038425
ZIM3	Trail	1.4980606592681398
ZNF32-AS3	Trail	0.895893487195023
ZNRF4	Trail	1.03388541926211
ADGRD1	VEGF	-3.68664523264694
AHRR	VEGF	18.5042225173004
ALDH1A1	VEGF	-6.40250832815474
ANKRD36BP2	VEGF	-1.5458676935105902
ANKS1B	VEGF	-2.57751849088035
ART4	VEGF	-2.06452249559302
BCAR3	VEGF	5.832010393160441
BEND4	VEGF	-2.4709284354371204
C12orf77	VEGF	-4.837968095945509
C1QTNF4	VEGF	-1.85916802627489
CAMK4	VEGF	-2.54705763730386
CCDC81	VEGF	-2.30136366491409
CCM2	VEGF	4.2745651690248705
CD72	VEGF	-2.71772638853328
CD93	VEGF	3.0804602514285695
CDC37L1	VEGF	3.3029194866435803
CNR1	VEGF	-1.4561375900150701
CPA6	VEGF	-2.5637682550218504
CRYM	VEGF	3.46103326090118
CYTL1	VEGF	3.4783279013951898
DCHS2	VEGF	-1.73174543158831
DLEU7-AS1	VEGF	-4.02108432863441
EPHA3	VEGF	-4.43408560858063
EPN2	VEGF	10.7661902184329
GP5	VEGF	-1.59192643405096
HACD4	VEGF	-3.7623139197795403
HMHB1	VEGF	-1.7094532837981102
HTR1F	VEGF	-2.23645979302208
IGLL1	VEGF	-3.3848905508436204
IKZF3	VEGF	-1.60694787639927
IMMP2L	VEGF	-2.01199922020731
JCHAIN	VEGF	-3.34799501276244
KCNK10	VEGF	2.8833063639311702
KIAA1211	VEGF	-4.8711900304965905
LINC01355	VEGF	3.86723224638897
LINC01558	VEGF	-1.20642645652423
LMO2	VEGF	3.65174298925834
LOC100133106	VEGF	26.7549205678477
LOC100288160	VEGF	-6.3542784632186295
LOC100291666	VEGF	2.3759754336732097
LOC100996579	VEGF	-3.4442805448857
LOC101928045	VEGF	-3.9218308342654105
LOC105373860	VEGF	-3.0665271066797595
LOC440300	VEGF	-4.10168749169432
LOC441179	VEGF	-5.5898270440128695
LRMP	VEGF	-3.31230507011548
MIR100	VEGF	12.1922362746575
MIR199A1	VEGF	10.2447973326045
MIR222	VEGF	29.4176978497748
MIR29A	VEGF	31.142521952775503
MIR31	VEGF	18.7543417590745
MIR323B	VEGF	-9.34385610737017
MIR34AHG	VEGF	9.042703150945341
MIR503HG	VEGF	-13.938574448573501
MIRLET7A2	VEGF	14.700582807545901
MYO3A	VEGF	-1.95217804207498
MZB1	VEGF	-1.7013074123621699
NCKAP5	VEGF	-8.07105939813173
NID2	VEGF	-4.91747172517082
NKD2	VEGF	3.8953837260047104
NLGN1	VEGF	-5.6180749325532195
NRG3	VEGF	-5.8237473288507
NUDT19	VEGF	-9.11136805816042
P2RY14	VEGF	2.8300020949268196
PHACTR3	VEGF	-9.249968612082679
PIEZO2	VEGF	-1.8910970036781898
PKHD1L1	VEGF	-2.1052040386225603
POT1-AS1	VEGF	-7.69958295089669
PP12708	VEGF	-3.00359872908809
PTCH1	VEGF	-2.78416382323069
RGL1	VEGF	9.31297358657362
RNU105B	VEGF	-6.35747091008217
RORB	VEGF	-2.7744774020738596
SCML4	VEGF	-1.87826820552769
SENP5	VEGF	1.8655494571140598
SMAD1	VEGF	-3.80111156446347
SMCO3	VEGF	-2.1019845722626798
SNORA70E	VEGF	-8.30000361126805
SNORD114-2	VEGF	-13.385992855828302
SPAG6	VEGF	-1.57091526864182
SPINK2	VEGF	-1.8911893782010503
SRGAP2	VEGF	-4.3400036438240495
TMCC3	VEGF	7.27199391875632
TTC28	VEGF	-2.07389642175488
UBE2Q2P1	VEGF	-9.71583534356351
UNC5D	VEGF	-2.5394275494386602
VASH2	VEGF	-3.04376019627761
VPREB1	VEGF	-3.1796901692439
VPREB3	VEGF	-3.39233793500076
VTRNA1-2	VEGF	12.314904337735
VWA8	VEGF	-3.60680434040849
WNT16	VEGF	-2.0380112282919396
XK	VEGF	-4.115595055397851
XKR4	VEGF	-3.63251576361539
ZNF200	VEGF	3.50469205309727
ZNF257	VEGF	-4.5561455481393605
ZNF347	VEGF	3.0310536501075798
ZNF415	VEGF	-2.78346505845975
ZNF597	VEGF	3.02088005545987
ZNF669	VEGF	-2.18745320858855
AIRE	WNT	0.756269896603
ALOX12	WNT	-2.3880916883500003
ANGPT1	WNT	-1.9261717031799999
ANKRD1	WNT	5.75344104425
ANO2	WNT	1.36220022375
APBB1	WNT	-1.0152879029700002
ARL4C	WNT	3.27342846498
ASB4	WNT	-0.728762798846
AVPR1A	WNT	-0.583503378752
B3GNT2	WNT	2.16641085465
BMP4	WNT	5.93683107305
BMP7	WNT	2.0930716175099997
BNC1	WNT	1.58225139336
C2CD3	WNT	1.4543601991100001
C2orf54	WNT	2.50620955677
C4BPB	WNT	1.60281111775
CACNA1E	WNT	1.07499664802
CAMK1D	WNT	1.8436678220700002
CD244	WNT	0.7560623688699999
CD48	WNT	1.5782484810799997
CLDN4	WNT	-1.89939345585
CPLX2	WNT	-1.0405004851200002
CSF3R	WNT	1.93231537539
CYP24A1	WNT	4.692303921050001
DESI2	WNT	1.10426832494
DLX5	WNT	1.6445202313499998
EYA4	WNT	1.3932616219799998
FASLG	WNT	-1.4434965490399998
FGD2	WNT	1.63117929701
FGF20	WNT	-2.0880306196
FGF3	WNT	-1.7514987803400002
FOXF1	WNT	-1.92842044692
FOXJ2	WNT	1.31222701553
GFRA2	WNT	1.3671187235100002
GNAO1	WNT	-0.9150378417560001
GNG11	WNT	2.09852650379
GPR22	WNT	-1.02298721746
HIRA	WNT	1.72585140096
HOXB3	WNT	1.1516378433399999
HOXB5	WNT	1.1399582355700002
IGF1	WNT	1.35948123623
IL12RB1	WNT	0.839411846655
IL1RL1	WNT	2.08077074582
IRS1	WNT	3.18782977995
ITGB7	WNT	1.36135777708
KCNJ10	WNT	-1.43276659141
KCNJ5	WNT	-0.970656340025
KIF26B	WNT	1.36180050783
KLHL4	WNT	1.54051285835
KLK10	WNT	2.00418100752
KLRA1P	WNT	1.38362129556
KRT23	WNT	4.12161155069
LGALS14	WNT	0.981538986418
LPAR2	WNT	1.26399445256
LY86	WNT	1.59625220102
MSH3	WNT	0.863448783565
MSI1	WNT	1.00152333996
MSX1	WNT	4.13090389196
MSX2	WNT	1.56657068981
NCAM1	WNT	-0.877086430495
NPY2R	WNT	1.38723387106
NTF3	WNT	2.27388978335
OCLM	WNT	1.25047137373
OLFM4	WNT	-1.4231503073700003
PIEZO2	WNT	-1.05133509247
PLA2R1	WNT	-1.1473081003
PRDM5	WNT	0.987983717211
RAP2B	WNT	2.32707816213
RASGRP2	WNT	-1.2838624105299998
RBMS2	WNT	2.1173000384200003
RNASEH2B	WNT	1.05685087869
RNF43	WNT	3.6281821444599998
RUBCNL	WNT	2.90072733261
SBSPON	WNT	1.4732102099000002
SEC31B	WNT	1.44708283337
SEL1L3	WNT	-1.62188109405
SFRP5	WNT	-1.07940364175
SIGLEC6	WNT	2.0207361471
SLC7A8	WNT	-2.4843729916
SNCAIP	WNT	1.43635014664
SNTB1	WNT	1.76849258398
SYK	WNT	-1.7247037119400002
SYT12	WNT	-1.2532607566299998
T	WNT	-0.954038286972
TCTN2	WNT	-1.51731000002
TDRKH	WNT	-1.71027369375
TLE4	WNT	-1.7334720690099998
TPH1	WNT	1.0144342317
TRMT2B	WNT	1.80002842507
TSHZ2	WNT	-1.23388644759
UPK1B	WNT	1.62050396442
WFDC2	WNT	-1.31768738028
ZFP30	WNT	1.5356603189200002
ZNF230	WNT	1.38534278144
ZNF385D	WNT	-1.28117922528
ZNF43	WNT	2.2320690359
ZNF45	WNT	2.19565822721
ZNF552	WNT	1.10289013974
ZNF613	WNT	1.33650285529
ZNF701	WNT	1.0372315138200001
